CREATE DATABASE `cursor`;

USE `cursor`;

CREATE TABLE `teachers` (
     `t_id` smallint unsigned NOT NULL AUTO_INCREMENT,
     `t_name` varchar(50) NOT NULL,
     `created_at` timestamp NOT NULL DEFAULT CURRENT_TIMESTAMP,
     `updated_at` timestamp NOT NULL DEFAULT '0000-00-00 00:00:00',
     PRIMARY KEY (`t_id`)
) ENGINE=InnoDB DEFAULT CHARSET=utf8mb4 COLLATE=utf8mb4_0900_ai_ci;

INSERT INTO `teachers` (`t_id`,`t_name`)
VALUES
    (1,'Misha Muslim'),
    (2,'Catherina Kollatsch'),
    (3,'Edithe Kennaway'),
    (4,'Sheilah Braiden'),
    (5,'Roi Creaser'),
    (6,'Cassie Troctor'),
    (7,'Sergent Gazey'),
    (8,'Genovera Hubber'),
    (9,'Sherwynd Americi'),
    (10,'Baxie Entwistle')
;

CREATE TABLE `groupz` (
    `g_id` smallint unsigned NOT NULL AUTO_INCREMENT,
    `g_name` varchar(20) NOT NULL,
    `f_teacher_id` smallint unsigned NOT NULL,
    `created_at` timestamp NOT NULL DEFAULT CURRENT_TIMESTAMP,
    `updated_at` timestamp NOT NULL DEFAULT '0000-00-00 00:00:00',
    PRIMARY KEY (`g_id`),
    KEY `groupz_ibfk_1` (`f_teacher_id`),
    CONSTRAINT `groupz_ibfk_1` FOREIGN KEY (`f_teacher_id`) REFERENCES `teachers` (`t_id`) ON DELETE CASCADE
) ENGINE=InnoDB DEFAULT CHARSET=utf8mb4 COLLATE=utf8mb4_0900_ai_ci;

INSERT INTO `groupz` (`g_id`,`g_name`,`f_teacher_id`)
VALUES
    (1,'TA-01',1),
    (2,'TO-01',2),
    (3,'TB-01',3),
    (4,'TS-01',4),
    (5,'TR-01',5),
    (6,'TM-01',3),
    (7,'TO-01',2),
    (8,'TK-01',8),
    (9,'TA-02',4),
    (10,'TA-03',5),
    (11,'TO-21',10),
    (12,'TK-11',4),
    (13,'TP-11',7),
    (14,'TR-21',4),
    (15,'TF-21',6),
    (16,'TM-11',6),
    (17,'TA-21',7),
    (18,'TS-11',8),
    (19,'TB-11',9),
    (20,'TO-11',10)
;

CREATE TABLE `students` (
    `s_id` int unsigned NOT NULL AUTO_INCREMENT,
    `s_name` varchar(50) NOT NULL,
    `f_group_id` smallint unsigned NOT NULL,
    `created_at` timestamp NOT NULL DEFAULT CURRENT_TIMESTAMP,
    `updated_at` timestamp NOT NULL DEFAULT '0000-00-00 00:00:00',
    PRIMARY KEY (`s_id`),
    KEY `students_ibfk_1` (`f_group_id`),
    CONSTRAINT `students_ibfk_1` FOREIGN KEY (`f_group_id`) REFERENCES `groupz` (`g_id`) ON DELETE CASCADE
) ENGINE=InnoDB DEFAULT CHARSET=utf8mb4 COLLATE=utf8mb4_0900_ai_ci;

INSERT INTO `students` (`s_id`,`s_name`,`f_group_id`)
VALUES
    (1,'Tandie Brotherhed',16),
    (2,'Roch Pinckney',11),
    (3,'Gradeigh Augur',15),
    (4,'Marlo Caveill',17),
    (5,'Gris Flowerdew',5),
    (6,'Charyl Fritter',19),
    (7,'Babbie Muirhead',20),
    (8,'Elsie Gimblett',9),
    (9,'Arch Janney',11),
    (10,'Robinette Franiak',11),
    (11,'Johannah Haighton',2),
    (12,'Cobby Trowel',12),
    (13,'Angil Conner',13),
    (14,'Karine Cratchley',10),
    (15,'Caro Beiderbecke',19),
    (16,'Willi Sharrem',19),
    (17,'Pris Ames',20),
    (18,'Cathee Fynan',3),
    (19,'Gigi McCulloch',2),
    (20,'Lissa Lapthorn',1),
    (21,'Lyndel Somerlie',7),
    (22,'Pat Hauxley',13),
    (23,'Lois Bage',12),
    (24,'Huntlee Haversham',12),
    (25,'Randi Every',16),
    (26,'Ginni Overal',1),
    (27,'Gwendolen Simounet',9),
    (28,'Luke Borges',7),
    (29,'Oran Sherreard',6),
    (30,'Sam Bothram',3),
    (31,'Bartholomeo Cock',8),
    (32,'Alison Kerss',17),
    (33,'Jerad Burberye',20),
    (34,'Gerard Washbrook',19),
    (35,'Zeb Elder',10),
    (36,'Georgeanna Duchart',5),
    (37,'Rance Tomlinson',1),
    (38,'Benni Perassi',11),
    (39,'Xenia Harburtson',16),
    (40,'Kathryn Frank',9),
    (41,'Orbadiah Yushachkov',15),
    (42,'Dall Russan',17),
    (43,'Cherish Agron',11),
    (44,'Allyson Eddington',2),
    (45,'Corey Spottswood',2),
    (46,'Korney Rickhuss',4),
    (47,'Vladimir Duthy',2),
    (48,'Norine Withull',4),
    (49,'Pacorro Cockcroft',6),
    (50,'Kevyn MacHostie',19),
    (51,'Cletis Keir',7),
    (52,'Jacquie Pelling',8),
    (53,'Henrie Elcocks',13),
    (54,'Shanna Deegin',4),
    (55,'Jolyn Whannel',12),
    (56,'Colman Goodlud',11),
    (57,'Geri Moulden',1),
    (58,'Even McCurry',16),
    (59,'Harlie Stanger',17),
    (60,'Maryjane Beaney',7),
    (61,'Joseito Mannooch',7),
    (62,'Babbette Stoeck',11),
    (63,'Violet Batecok',11),
    (64,'Farleigh Braywood',20),
    (65,'Preston Grove',12),
    (66,'Collete Arboine',6),
    (67,'Cazzie Cleife',7),
    (68,'Sibel Dulinty',5),
    (69,'Gilbert Nudds',15),
    (70,'Estella Dietz',9),
    (71,'Willis Jakubovics',6),
    (72,'Waldemar Skarr',10),
    (73,'Berrie Fere',1),
    (74,'Anastasie Nobles',11),
    (75,'Hollie Spinney',17),
    (76,'Lukas Sterte',5),
    (77,'Mahmud Senchenko',20),
    (78,'Simon Huccaby',11),
    (79,'Clayborn Cossins',17),
    (80,'Eileen Spary',16),
    (81,'Bernardo Pipet',19),
    (82,'Beltran Suttle',15),
    (83,'Silvano Simanek',7),
    (84,'Dianemarie Henden',20),
    (85,'Elyn Weeds',3),
    (86,'Cirstoforo Simson',1),
    (87,'Rufe Ciccotto',4),
    (88,'Sapphira Hayer',4),
    (89,'Kalinda Derwin',19),
    (90,'Desi McAlinion',3),
    (91,'Gelya Masdin',8),
    (92,'Caitrin Hamstead',14),
    (93,'Anthe Simecek',9),
    (94,'Alene Shoebottom',6),
    (95,'Roberta Baumert',2),
    (96,'Minni Bloy',6),
    (97,'Brady Wyre',16),
    (98,'Karylin Buten',6),
    (99,'Welbie Nickels',4),
    (100,'Victoir Drummond',7)
;